{"cameraMode":{"drawMode":0,"name":"Shaded","section":"Shading Mode"},"sceneLighting":false,"audioPlay":false,"sceneViewState":{"showFog":true,"showMaterialUpdate":false,"showSkybox":false,"showFlares":true,"showImageEffects":true,"showParticleSystems":true},"in2DMode":false,"pivot":{"x":83.87631225585938,"y":8.792403221130371,"z":-48.144866943359378},"rotation":{"x":0.008920237421989441,"y":-0.8038540482521057,"z":0.012058715336024762,"w":0.5946376919746399},"size":22.0,"orthographic":false}