{"cameraMode":{"drawMode":0,"name":"Shaded","section":"Shading Mode"},"sceneLighting":true,"audioPlay":false,"sceneViewState":{"showFog":true,"showMaterialUpdate":false,"showSkybox":true,"showFlares":true,"showImageEffects":true,"showParticleSystems":true},"in2DMode":false,"pivot":{"x":70.79259490966797,"y":-21.124605178833009,"z":-188.82777404785157},"rotation":{"x":0.2307630479335785,"y":-0.6459084153175354,"z":0.21433252096176148,"w":0.6954231858253479},"size":207.719970703125,"orthographic":false}