{"cameraMode":{"drawMode":0,"name":"Shaded","section":"Shading Mode"},"sceneLighting":true,"audioPlay":false,"sceneViewState":{"showFog":true,"showMaterialUpdate":false,"showSkybox":true,"showFlares":true,"showImageEffects":true,"showParticleSystems":true},"in2DMode":false,"pivot":{"x":55.978981018066409,"y":-28.434314727783204,"z":-46.52577209472656},"rotation":{"x":0.11969763785600662,"y":-0.464099645614624,"z":0.06346156448125839,"w":0.8753607869148254},"size":157.77487182617188,"orthographic":true}