{"cameraMode":{"drawMode":0,"name":"Shaded","section":"Shading Mode"},"sceneLighting":false,"audioPlay":false,"sceneViewState":{"showFog":true,"showMaterialUpdate":false,"showSkybox":false,"showFlares":true,"showImageEffects":true,"showParticleSystems":true},"in2DMode":false,"pivot":{"x":2.441631317138672,"y":17.083633422851564,"z":-14.543140411376954},"rotation":{"x":0.5097006559371948,"y":-0.24644219875335694,"z":0.1551591455936432,"w":0.8095663189888},"size":105.6357421875,"orthographic":false}