{"cameraMode":{"drawMode":0,"name":"Shaded","section":"Shading Mode"},"sceneLighting":false,"audioPlay":false,"sceneViewState":{"showFog":true,"showMaterialUpdate":false,"showSkybox":false,"showFlares":true,"showImageEffects":true,"showParticleSystems":true},"in2DMode":false,"pivot":{"x":37.01386260986328,"y":1.2687499523162842,"z":-52.07756805419922},"rotation":{"x":0.3443109393119812,"y":-0.1910194456577301,"z":0.07176893204450607,"w":0.9164130091667175},"size":82.17101287841797,"orthographic":true}